{"products":[{"id":"0.41607315815753076","qty":1}],"totalPrice":11.999999999999996}